Distance_(µm),Gray_Value
0.00000,0.000
0.00149,0.000
0.00298,0.000
0.00446,0.000
0.00595,0.000
0.00744,0.000
0.00893,0.000
0.01042,0.000
0.01190,0.000
0.01339,0.000
0.01488,0.000
0.01637,0.000
0.01786,0.000
0.01935,0.000
0.02083,0.000
0.02232,0.000
0.02381,0.000
0.02530,0.000
0.02679,0.000
0.02827,0.000
0.02976,0.000
0.03125,0.000
0.03274,0.000
0.03423,0.000
0.03571,0.000
0.03720,0.000
0.03869,0.000
0.04018,0.000
0.04167,0.000
0.04315,0.000
0.04464,0.000
0.04613,0.000
0.04762,0.000
0.04911,0.000
0.05060,0.000
0.05208,0.000
0.05357,0.000
0.05506,0.000
0.05655,0.000
0.05804,0.000
0.05952,0.000
0.06101,0.000
0.06250,0.000
0.06399,0.000
0.06548,0.000
0.06696,0.000
0.06845,0.000
0.06994,0.000
0.07143,0.000
0.07292,0.000
0.07440,0.000
0.07589,0.000
0.07738,0.000
0.07887,0.000
0.08036,0.000
0.08185,0.000
0.08333,0.000
0.08482,0.000
0.08631,0.000
0.08780,0.000
0.08929,0.000
0.09077,0.000
0.09226,0.000
0.09375,0.000
0.09524,0.000
0.09673,0.000
0.09821,0.000
0.09970,0.000
0.10119,0.000
0.10268,0.000
0.10417,0.000
0.10565,0.000
0.10714,0.000
0.10863,0.000
0.11012,0.000
0.11161,0.000
0.11310,0.000
0.11458,0.000
0.11607,0.000
0.11756,0.000
0.11905,0.000
0.12054,0.000
0.12202,0.000
0.12351,0.000
0.12500,0.000
0.12649,0.000
0.12798,0.000
0.12946,0.000
0.13095,0.000
0.13244,0.000
0.13393,0.000
0.13542,0.000
0.13690,0.000
0.13839,0.000
0.13988,0.000
0.14137,0.000
0.14286,0.000
0.14435,0.000
0.14583,0.000
0.14732,0.000
0.14881,0.000
0.15030,0.000
0.15179,0.000
0.15327,0.000
0.15476,0.000
0.15625,0.000
0.15774,0.000
0.15923,0.000
0.16071,0.000
0.16220,0.000
0.16369,0.000
0.16518,0.000
0.16667,0.000
0.16815,0.000
0.16964,0.000
0.17113,0.000
0.17262,0.000
0.17411,0.000
0.17560,0.000
0.17708,0.000
0.17857,0.000
0.18006,0.000
0.18155,0.000
0.18304,0.000
0.18452,0.000
0.18601,0.000
0.18750,0.000
0.18899,0.000
0.19048,0.000
0.19196,0.000
0.19345,0.000
0.19494,0.000
0.19643,0.000
0.19792,0.000
0.19940,0.000
0.20089,0.000
0.20238,0.000
0.20387,0.000
0.20536,0.000
0.20685,0.000
0.20833,0.000
0.20982,0.000
0.21131,0.000
0.21280,0.000
0.21429,0.000
0.21577,0.000
0.21726,0.000
0.21875,0.000
0.22024,0.000
0.22173,0.000
0.22321,0.000
0.22470,0.000
0.22619,0.000
0.22768,0.000
0.22917,0.000
0.23065,0.000
0.23214,0.000
0.23363,0.000
0.23512,0.000
0.23661,0.000
0.23810,0.000
0.23958,0.000
0.24107,0.000
0.24256,0.000
0.24405,0.000
0.24554,0.000
0.24702,0.000
0.24851,0.000
0.25000,0.000
0.25149,0.000
0.25298,0.000
0.25446,0.000
0.25595,0.000
0.25744,0.000
0.25893,0.000
0.26042,0.000
0.26190,0.000
0.26339,0.000
0.26488,0.000
0.26637,0.000
0.26786,0.000
0.26935,0.000
0.27083,0.000
0.27232,0.000
0.27381,0.000
0.27530,0.000
0.27679,0.000
0.27827,0.000
0.27976,0.000
0.28125,0.000
0.28274,0.000
0.28423,0.000
0.28571,0.000
0.28720,0.000
0.28869,0.000
0.29018,0.000
0.29167,0.000
0.29315,0.000
0.29464,0.000
0.29613,0.000
0.29762,0.000
0.29911,0.000
0.30060,0.000
0.30208,0.000
0.30357,0.000
0.30506,0.000
0.30655,0.000
0.30804,0.000
0.30952,0.000
0.31101,0.000
0.31250,1.435
0.31399,46.421
0.31548,253.240
0.31696,255.000
0.31845,255.000
0.31994,255.000
0.32143,229.508
0.32292,36.757
0.32440,0.000
0.32589,0.000
0.32738,0.000
0.32887,0.000
0.33036,0.000
0.33185,0.000
0.33333,0.000
0.33482,0.000
0.33631,0.000
0.33780,0.000
0.33929,0.000
0.34077,0.000
0.34226,0.000
0.34375,0.000
0.34524,0.000
0.34673,0.000
0.34821,0.000
0.34970,0.000
0.35119,0.000
0.35268,0.000
0.35417,0.000
0.35565,0.000
0.35714,0.000
0.35863,0.000
0.36012,0.000
0.36161,0.000
0.36310,0.000
0.36458,0.000
0.36607,0.000
0.36756,0.000
0.36905,0.000
0.37054,0.000
0.37202,0.000
0.37351,0.000
0.37500,0.000
0.37649,0.000
0.37798,0.000
0.37946,0.000
0.38095,0.000
0.38244,0.000
0.38393,0.000
0.38542,0.000
0.38690,0.000
0.38839,0.000
0.38988,0.000
0.39137,0.000
0.39286,0.000
0.39435,0.000
0.39583,0.000
0.39732,0.000
0.39881,0.000
0.40030,0.000
0.40179,0.000
0.40327,0.000
0.40476,0.000
0.40625,0.000
0.40774,0.000
0.40923,0.000
0.41071,0.000
0.41220,0.000
0.41369,0.000
0.41518,0.000
0.41667,0.000
0.41815,0.000
0.41964,0.000
0.42113,0.000
0.42262,0.000
0.42411,0.000
0.42560,0.000
0.42708,0.000
0.42857,0.000
0.43006,0.000
0.43155,0.000
0.43304,0.000
0.43452,0.000
0.43601,0.000
0.43750,0.000
0.43899,0.000
0.44048,0.000
0.44196,0.000
0.44345,0.000
0.44494,0.000
0.44643,0.000
0.44792,0.000
0.44940,0.000
0.45089,0.000
0.45238,0.000
0.45387,0.000
0.45536,0.000
0.45685,0.000
0.45833,0.000
0.45982,0.000
0.46131,0.000
0.46280,0.000
0.46429,0.000
0.46577,0.000
0.46726,0.000
0.46875,0.000
0.47024,0.000
0.47173,0.000
0.47321,0.000
0.47470,0.000
0.47619,0.000
0.47768,0.000
0.47917,0.000
0.48065,0.000
0.48214,0.000
0.48363,0.000
0.48512,0.000
0.48661,0.000
0.48810,0.000
0.48958,0.000
0.49107,0.000
0.49256,0.000
0.49405,0.000
0.49554,0.000
0.49702,0.000
0.49851,0.000
0.50000,0.000
0.50149,0.000
0.50298,0.000
0.50446,0.000
0.50595,0.000
0.50744,0.000
0.50893,0.000
0.51042,0.000
0.51190,0.000
0.51339,0.000
0.51488,0.000
0.51637,0.000
0.51786,0.000
0.51935,0.000
0.52083,0.000
0.52232,0.000
0.52381,0.000
0.52530,0.000
0.52679,0.000
0.52827,0.000
0.52976,0.000
0.53125,0.000
0.53274,0.000
0.53423,0.000
0.53571,0.000
0.53720,0.000
0.53869,0.000
0.54018,0.000
0.54167,0.000
0.54315,0.000
0.54464,0.000
0.54613,0.000
0.54762,0.000
0.54911,0.000
0.55060,0.000
0.55208,0.000
0.55357,0.000
0.55506,0.000
0.55655,0.000
0.55804,0.000
0.55952,0.000
0.56101,0.000
0.56250,0.000
0.56399,0.000
0.56548,0.000
0.56696,0.000
0.56845,0.000
0.56994,0.000
0.57143,0.000
0.57292,0.000
0.57440,0.000
0.57589,0.000
0.57738,0.000
0.57887,0.000
0.58036,0.000
0.58185,0.000
0.58333,0.000
0.58482,0.000
0.58631,0.000
0.58780,0.000
0.58929,0.000
0.59077,0.000
0.59226,0.000
0.59375,0.000
0.59524,0.000
0.59673,0.000
0.59821,0.000
0.59970,0.000
0.60119,0.000
0.60268,0.000
0.60417,0.000
0.60565,0.000
0.60714,0.000
0.60863,0.000
0.61012,0.000
0.61161,0.000
0.61310,0.000
0.61458,0.000
0.61607,0.000
0.61756,0.000
0.61905,0.000
0.62054,0.000
0.62202,0.000
0.62351,0.000
0.62500,0.000
0.62649,0.000
0.62798,0.000
0.62946,0.000
0.63095,0.000
0.63244,0.000
0.63393,0.000
0.63542,0.000
0.63690,0.000
0.63839,0.000
0.63988,0.000
0.64137,0.000
0.64286,0.000
0.64435,0.000
0.64583,0.000
0.64732,0.000
0.64881,0.000
0.65030,0.000
0.65179,0.000
0.65327,0.000
0.65476,0.000
0.65625,0.000
0.65774,0.000
0.65923,0.000
0.66071,16.461
0.66220,117.229
0.66369,255.000
0.66518,255.000
0.66667,255.000
0.66815,249.107
0.66964,183.597
0.67113,0.000
0.67262,0.000
0.67411,0.000
0.67560,0.000
0.67708,0.000
0.67857,0.000
0.68006,0.000
0.68155,0.000
0.68304,0.000
0.68452,0.000
0.68601,0.000
0.68750,0.000
0.68899,0.000
0.69048,0.000
0.69196,0.000
0.69345,0.000
0.69494,0.000
0.69643,0.000
0.69792,0.000
0.69940,0.000
0.70089,0.000
0.70238,0.000
0.70387,0.000
0.70536,0.000
0.70685,0.000
0.70833,0.000
0.70982,0.000
0.71131,0.000
0.71280,0.000
0.71429,0.000
0.71577,0.000
0.71726,0.000
0.71875,0.000
0.72024,0.000
0.72173,0.000
0.72321,0.000
0.72470,0.000
0.72619,0.000
0.72768,0.000
0.72917,0.000
0.73065,0.000
0.73214,0.000
0.73363,0.000
0.73512,0.000
0.73661,0.000
0.73810,0.000
0.73958,0.000
0.74107,0.000
0.74256,0.000
0.74405,0.000
0.74554,0.000
0.74702,0.000
0.74851,0.000
0.75000,0.000
0.75149,0.000
0.75298,0.000
0.75446,0.000
0.75595,0.000
0.75744,0.000
0.75893,0.000
0.76042,0.000
0.76190,0.000
0.76339,0.000
0.76488,0.000
0.76637,0.000
0.76786,0.000
0.76935,0.000
0.77083,0.000
0.77232,0.000
0.77381,0.000
0.77530,0.000
0.77679,0.000
0.77827,0.000
0.77976,0.000
0.78125,0.000
0.78274,0.000
0.78423,0.000
0.78571,0.000
0.78720,0.000
0.78869,0.000
0.79018,0.000
0.79167,0.000
0.79315,0.000
0.79464,0.000
0.79613,0.000
0.79762,0.000
0.79911,0.000
0.80060,0.000
0.80208,0.000
0.80357,0.000
0.80506,0.000
0.80655,0.000
0.80804,0.000
0.80952,0.000
0.81101,0.000
0.81250,0.000
0.81399,0.000
0.81548,0.000
0.81696,0.000
0.81845,0.000
0.81994,0.000
0.82143,0.000
0.82292,0.000
0.82440,0.000
0.82589,0.000
0.82738,0.000
0.82887,0.000
0.83036,0.000
0.83185,0.000
0.83333,0.000
0.83482,0.000
0.83631,0.000
0.83780,0.000
0.83929,0.000
0.84077,0.000
0.84226,0.000
0.84375,0.000
0.84524,0.000
0.84673,0.000
0.84821,0.000
0.84970,0.000
0.85119,0.000
0.85268,0.000
0.85417,0.000
0.85565,0.000
0.85714,0.000
0.85863,0.000
0.86012,0.000
0.86161,0.000
0.86310,0.000
0.86458,0.000
0.86607,0.000
0.86756,0.000
0.86905,0.000
0.87054,0.000
0.87202,0.000
0.87351,0.000
0.87500,0.000
0.87649,0.000
0.87798,0.000
0.87946,0.000
0.88095,0.000
0.88244,0.000
0.88393,0.000
0.88542,0.000
0.88690,0.000
0.88839,0.000
0.88988,0.000
0.89137,0.000
0.89286,0.000
0.89435,0.000
0.89583,0.000
0.89732,0.000
0.89881,0.000
0.90030,0.000
0.90179,0.000
0.90327,0.000
0.90476,0.000
0.90625,0.000
0.90774,0.000
0.90923,0.000
0.91071,0.000
0.91220,0.000
0.91369,0.000
0.91518,0.000
0.91667,0.000
0.91815,0.000
0.91964,0.000
0.92113,0.000
0.92262,0.000
0.92411,0.000
0.92560,0.000
0.92708,0.000
0.92857,0.000
0.93006,0.000
0.93155,0.000
0.93304,0.000
0.93452,113.495
0.93601,255.000
0.93750,255.000
0.93899,255.000
0.94048,255.000
0.94196,175.574
0.94345,39.395
0.94494,0.000
0.94643,0.000
0.94792,0.000
0.94940,0.000
0.95089,0.000
0.95238,0.000
0.95387,0.000
0.95536,0.000
0.95685,0.000
0.95833,0.000
0.95982,0.000
0.96131,0.000
0.96280,0.000
0.96429,0.000
0.96577,0.000
0.96726,0.000
0.96875,0.000
0.97024,0.000
0.97173,0.000
0.97321,0.000
0.97470,0.000
0.97619,0.000
0.97768,0.000
0.97917,0.000
0.98065,0.000
0.98214,0.000
0.98363,0.000
0.98512,0.000
0.98661,0.000
0.98810,0.000
0.98958,0.000
0.99107,0.000
0.99256,0.000
0.99405,0.000
0.99554,0.000
0.99702,0.000
0.99851,0.000
1.00000,0.000
1.00149,0.000
1.00298,0.000
1.00446,0.000
1.00595,0.000
1.00744,0.000
1.00893,0.000
1.01042,0.000
1.01190,0.000
1.01339,0.000
1.01488,0.000
1.01637,0.000
1.01786,0.000
1.01935,0.000
1.02083,0.000
1.02232,0.000
1.02381,0.000
1.02530,0.000
1.02679,0.000
1.02827,0.000
1.02976,0.000
1.03125,0.000
1.03274,0.000
1.03423,0.000
1.03571,0.000
1.03720,0.000
1.03869,0.000
1.04018,0.000
1.04167,0.000
1.04315,0.000
1.04464,0.000
1.04613,0.000
1.04762,0.000
1.04911,0.000
1.05060,0.000
1.05208,0.000
1.05357,0.000
1.05506,0.000
1.05655,0.000
1.05804,0.000
1.05952,0.000
1.06101,0.000
1.06250,0.000
1.06399,0.000
1.06548,0.000
1.06696,0.000
1.06845,0.000
1.06994,0.000
1.07143,0.000
1.07292,0.000
1.07440,0.000
1.07589,0.000
1.07738,0.000
1.07887,0.000
1.08036,0.000
1.08185,0.000
1.08333,0.000
1.08482,0.000
1.08631,0.000
1.08780,0.000
1.08929,0.000
1.09077,0.000
1.09226,0.000
1.09375,0.000
1.09524,0.000
1.09673,0.000
1.09821,0.000
1.09970,0.000
1.10119,0.000
1.10268,0.000
1.10417,0.000
1.10565,0.000
1.10714,0.000
1.10863,0.000
1.11012,0.000
1.11161,0.000
1.11310,0.000
1.11458,0.000
1.11607,0.000
1.11756,0.000
1.11905,0.000
1.12054,0.000
1.12202,0.000
1.12351,0.000
1.12500,0.000
1.12649,0.000
1.12798,0.000
1.12946,0.000
1.13095,0.000
1.13244,0.000
1.13393,0.000
1.13542,0.000
1.13690,0.000
1.13839,0.000
1.13988,0.000
1.14137,0.000
1.14286,0.000
1.14435,0.000
1.14583,0.000
1.14732,0.000
1.14881,0.000
1.15030,0.000
1.15179,0.000
1.15327,0.000
1.15476,0.000
1.15625,0.000
1.15774,0.000
1.15923,0.000
1.16071,0.000
1.16220,0.000
1.16369,0.000
1.16518,0.000
1.16667,0.000
1.16815,0.000
1.16964,0.000
1.17113,0.000
1.17262,0.000
1.17411,0.000
1.17560,0.000
1.17708,0.000
1.17857,0.000
1.18006,0.000
1.18155,0.000
1.18304,0.000
1.18452,0.000
1.18601,0.000
1.18750,0.000
1.18899,0.000
1.19048,0.000
1.19196,0.000
1.19345,0.000
1.19494,0.000
1.19643,0.000
1.19792,0.000
1.19940,88.718
1.20089,217.874
1.20238,255.000
1.20387,255.000
1.20536,255.000
1.20685,202.861
1.20833,54.335
1.20982,0.000
1.21131,0.000
1.21280,0.000
1.21429,0.000
1.21577,0.000
1.21726,0.000
1.21875,0.000
1.22024,0.000
1.22173,0.000
1.22321,0.000
1.22470,0.000
1.22619,0.000
1.22768,0.000
1.22917,0.000
1.23065,0.000
1.23214,0.000
1.23363,0.000
1.23512,0.000
1.23661,0.000
1.23810,0.000
1.23958,0.000
1.24107,0.000
1.24256,0.000
1.24405,0.000
1.24554,0.000
1.24702,0.000
1.24851,0.000
1.25000,0.000
1.25149,0.000
1.25298,0.000
1.25446,0.000
1.25595,0.000
1.25744,0.000
1.25893,0.000
1.26042,0.000
1.26190,0.000
1.26339,0.000
1.26488,0.000
1.26637,0.000
1.26786,0.000
1.26935,0.000
1.27083,0.000
1.27232,0.000
1.27381,0.000
1.27530,0.000
1.27679,0.000
1.27827,0.000
1.27976,0.000
1.28125,0.000
1.28274,0.000
1.28423,0.000
1.28571,0.000
1.28720,0.000
1.28869,0.000
1.29018,0.000
1.29167,0.000
1.29315,0.000
1.29464,0.000
1.29613,0.000
1.29762,0.000
1.29911,0.000
1.30060,0.000
1.30208,0.000
1.30357,0.000
1.30506,0.000
1.30655,0.000
1.30804,0.000
1.30952,0.000
1.31101,0.000
1.31250,0.000
1.31399,0.000
1.31548,0.000
1.31696,0.000
1.31845,0.000
1.31994,0.000
1.32143,0.000
1.32292,0.000
1.32440,0.000
1.32589,0.000
1.32738,0.000
1.32887,0.000
1.33036,0.000
1.33185,0.000
1.33333,0.000
1.33482,0.000
1.33631,0.000
1.33780,0.000
1.33929,0.000
1.34077,0.000
1.34226,0.000
1.34375,0.000
1.34524,0.000
1.34673,0.000
1.34821,0.000
1.34970,0.000
1.35119,0.000
1.35268,0.000
1.35417,0.000
1.35565,0.000
1.35714,0.000
1.35863,0.000
1.36012,0.000
1.36161,0.000
1.36310,0.000
1.36458,0.000
1.36607,0.000
1.36756,0.000
1.36905,0.000
1.37054,0.000
1.37202,0.000
1.37351,0.000
1.37500,0.000
1.37649,0.000
1.37798,0.000
1.37946,0.000
1.38095,0.000
1.38244,0.000
1.38393,0.000
1.38542,0.000
1.38690,0.000
1.38839,0.000
1.38988,0.000
1.39137,0.000
1.39286,0.000
1.39435,0.000
1.39583,0.000
1.39732,0.000
1.39881,0.000
1.40030,0.000
1.40179,0.000
1.40327,0.000
1.40476,0.000
1.40625,0.000
1.40774,0.000
1.40923,0.000
1.41071,0.000
1.41220,0.000
1.41369,0.000
1.41518,0.000
1.41667,0.000
1.41815,0.000
1.41964,0.000
1.42113,0.000
1.42262,0.000
1.42411,0.000
1.42560,0.000
1.42708,0.000
1.42857,0.000
1.43006,0.000
1.43155,0.000
1.43304,0.000
1.43452,0.000
1.43601,0.000
1.43750,0.000
1.43899,0.000
1.44048,0.000
1.44196,0.000
1.44345,0.000
1.44494,0.000
1.44643,0.000
1.44792,0.000
1.44940,0.000
1.45089,0.000
1.45238,0.000
1.45387,0.000
1.45536,0.000
1.45685,0.000
1.45833,0.000
1.45982,0.000
1.46131,0.000
1.46280,0.000
1.46429,0.000
1.46577,0.000
1.46726,0.000
1.46875,0.000
1.47024,0.000
1.47173,0.000
1.47321,0.000
1.47470,161.976
1.47619,251.915
1.47768,255.000
1.47917,255.000
1.48065,255.000
1.48214,138.377
1.48363,7.322
1.48512,0.000
1.48661,0.000
1.48810,0.000
1.48958,0.000
1.49107,0.000
1.49256,0.000
1.49405,0.000
1.49554,0.000
1.49702,0.000
1.49851,0.000
1.50000,0.000
1.50149,0.000
1.50298,0.000
1.50446,0.000
1.50595,0.000
1.50744,0.000
1.50893,0.000
1.51042,0.000
1.51190,0.000
1.51339,0.000
1.51488,0.000
1.51637,0.000
1.51786,0.000
1.51935,0.000
1.52083,0.000
1.52232,0.000
1.52381,0.000
1.52530,0.000
1.52679,0.000
1.52827,0.000
1.52976,0.000
1.53125,0.000
1.53274,0.000
1.53423,0.000
1.53571,0.000
1.53720,0.000
1.53869,0.000
1.54018,0.000
1.54167,0.000
1.54315,0.000
1.54464,0.000
1.54613,0.000
1.54762,0.000
1.54911,0.000
1.55060,0.000
1.55208,0.000
1.55357,0.000
1.55506,0.000
1.55655,0.000
1.55804,0.000
1.55952,0.000
1.56101,0.000
1.56250,0.000
1.56399,0.000
1.56548,0.000
1.56696,0.000
1.56845,0.000
1.56994,0.000
1.57143,0.000
1.57292,0.000
1.57440,0.000
1.57589,0.000
1.57738,0.000
1.57887,0.000
1.58036,0.000
1.58185,0.000
1.58333,0.000
1.58482,0.000
1.58631,0.000
1.58780,0.000
1.58929,0.000
1.59077,0.000
1.59226,0.000
1.59375,0.000
1.59524,0.000
1.59673,0.000
1.59821,0.000
1.59970,0.000
1.60119,0.000
1.60268,0.000
1.60417,0.000
1.60565,0.000
1.60714,0.000
1.60863,0.000
1.61012,0.000
1.61161,0.000
1.61310,0.000
1.61458,0.000
1.61607,0.000
1.61756,0.000
1.61905,0.000
1.62054,0.000
1.62202,0.000
1.62351,0.000
1.62500,0.000
1.62649,0.000
1.62798,0.000
1.62946,0.000
1.63095,0.000
1.63244,0.000
1.63393,0.000
1.63542,0.000
1.63690,0.000
1.63839,0.000
1.63988,0.000
1.64137,0.000
1.64286,0.000
1.64435,0.000
1.64583,0.000
1.64732,0.000
1.64881,0.000
1.65030,0.000
1.65179,0.000
1.65327,0.000
1.65476,0.000
1.65625,0.000
1.65774,0.000
1.65923,0.000
1.66071,0.000
1.66220,0.000
1.66369,0.000
1.66518,0.000
1.66667,0.000
1.66815,0.000
1.66964,0.000
1.67113,0.000
1.67262,0.000
1.67411,0.000
1.67560,0.000
1.67708,0.000
1.67857,0.000
1.68006,0.000
1.68155,0.000
1.68304,0.000
1.68452,0.000
1.68601,0.000
1.68750,0.000
1.68899,0.000
1.69048,0.000
1.69196,0.000
1.69345,0.000
1.69494,0.000
1.69643,0.000
1.69792,0.000
1.69940,0.000
1.70089,0.000
1.70238,0.000
1.70387,0.000
1.70536,0.000
1.70685,0.000
1.70833,0.000
1.70982,0.000
1.71131,0.000
1.71280,0.000
1.71429,0.000
1.71577,0.000
1.71726,0.000
1.71875,0.000
1.72024,0.000
1.72173,0.000
1.72321,0.000
1.72470,0.000
1.72619,0.000
1.72768,0.000
1.72917,48.302
1.73065,199.225
1.73214,255.000
1.73363,255.000
1.73512,255.000
1.73661,225.754
1.73810,103.379
1.73958,0.000
1.74107,0.000
1.74256,0.000
1.74405,0.000
1.74554,0.000
1.74702,0.000
1.74851,0.000
1.75000,0.000
1.75149,0.000
1.75298,0.000
1.75446,0.000
1.75595,0.000
1.75744,0.000
1.75893,0.000
1.76042,0.000
1.76190,0.000
1.76339,0.000
1.76488,0.000
1.76637,0.000
1.76786,0.000
1.76935,0.000
1.77083,0.000
1.77232,0.000
1.77381,0.000
1.77530,0.000
1.77679,0.000
1.77827,0.000
1.77976,0.000
1.78125,0.000
1.78274,0.000
1.78423,0.000
1.78571,0.000
1.78720,0.000
1.78869,0.000
1.79018,0.000
1.79167,0.000
1.79315,0.000
1.79464,0.000
1.79613,0.000
1.79762,0.000
1.79911,0.000
1.80060,0.000
1.80208,0.000
1.80357,0.000
1.80506,0.000
1.80655,0.000
1.80804,0.000
1.80952,0.000
1.81101,0.000
1.81250,0.000
1.81399,0.000
1.81548,0.000
1.81696,0.000
1.81845,0.000
1.81994,0.000
1.82143,0.000
1.82292,0.000
1.82440,0.000
1.82589,0.000
1.82738,0.000
1.82887,0.000
1.83036,0.000
1.83185,0.000
1.83333,0.000
1.83482,0.000
1.83631,0.000
1.83780,0.000
1.83929,0.000
1.84077,0.000
1.84226,0.000
1.84375,0.000
1.84524,0.000
1.84673,0.000
1.84821,0.000
1.84970,0.000
1.85119,0.000
1.85268,0.000
1.85417,0.000
1.85565,0.000
1.85714,0.000
1.85863,0.000
1.86012,0.000
1.86161,0.000
1.86310,0.000
1.86458,0.000
1.86607,0.000
1.86756,0.000
1.86905,0.000
1.87054,0.000
1.87202,0.000
1.87351,0.000
1.87500,0.000
1.87649,0.000
1.87798,0.000
1.87946,0.000
1.88095,0.000
1.88244,0.000
1.88393,0.000
1.88542,0.000
1.88690,0.000
1.88839,0.000
1.88988,0.000
1.89137,0.000
1.89286,0.000
1.89435,0.000
1.89583,0.000
1.89732,0.000
1.89881,0.000
1.90030,0.000
1.90179,0.000
1.90327,0.000
1.90476,0.000
1.90625,0.000
1.90774,0.000
1.90923,0.000
1.91071,0.000
1.91220,0.000
1.91369,0.000
1.91518,0.000
1.91667,0.000
1.91815,0.000
1.91964,0.000
1.92113,0.000
1.92262,0.000
1.92411,0.000
1.92560,0.000
1.92708,0.000
1.92857,0.000
1.93006,0.000
1.93155,0.000
1.93304,0.000
1.93452,0.000
1.93601,0.000
1.93750,0.000
1.93899,0.000
1.94048,0.000
1.94196,0.000
1.94345,0.000
1.94494,0.000
1.94643,0.000
1.94792,0.000
1.94940,0.000
1.95089,0.000
1.95238,0.000
1.95387,0.000
1.95536,0.000
1.95685,0.000
1.95833,0.000
1.95982,21.940
1.96131,175.340
1.96280,255.000
1.96429,255.000
1.96577,255.000
1.96726,255.000
1.96875,105.531
1.97024,4.205
1.97173,0.000
1.97321,0.000
1.97470,0.000
1.97619,0.000
1.97768,0.000
1.97917,0.000
1.98065,0.000
1.98214,0.000
1.98363,0.000
1.98512,0.000
1.98661,0.000
1.98810,0.000
1.98958,0.000
1.99107,0.000
1.99256,0.000
1.99405,0.000
1.99554,0.000
1.99702,0.000
1.99851,0.000
2.00000,0.000
2.00149,0.000
2.00298,0.000
2.00446,0.000
2.00595,0.000
2.00744,0.000
2.00893,0.000
2.01042,0.000
2.01190,0.000
2.01339,0.000
2.01488,0.000
2.01637,0.000
2.01786,0.000
2.01935,0.000
2.02083,0.000
2.02232,0.000
2.02381,0.000
2.02530,0.000
2.02679,0.000
2.02827,0.000
2.02976,0.000
2.03125,0.000
2.03274,0.000
2.03423,0.000
2.03571,0.000
2.03720,0.000
2.03869,0.000
2.04018,0.000
2.04167,0.000
2.04315,0.000
2.04464,0.000
2.04613,0.000
2.04762,0.000
2.04911,0.000
2.05060,0.000
2.05208,0.000
2.05357,0.000
2.05506,0.000
2.05655,0.000
2.05804,0.000
2.05952,0.000
2.06101,0.000
2.06250,0.000
2.06399,0.000
2.06548,0.000
2.06696,0.000
2.06845,0.000
2.06994,0.000
2.07143,0.000
2.07292,0.000
2.07440,0.000
2.07589,0.000
2.07738,0.000
2.07887,0.000
2.08036,0.000
2.08185,0.000
2.08333,0.000
2.08482,0.000
2.08631,0.000
2.08780,0.000
2.08929,0.000
2.09077,0.000
2.09226,0.000
2.09375,0.000
2.09524,0.000
2.09673,0.000
2.09821,0.000
2.09970,0.000
2.10119,0.000
2.10268,0.000
2.10417,0.000
2.10565,0.000
2.10714,0.000
2.10863,0.000
2.11012,0.000
2.11161,0.000
2.11310,0.000
2.11458,0.000
2.11607,0.000
2.11756,0.000
2.11905,0.000
2.12054,0.000
2.12202,0.000
2.12351,0.000
2.12500,0.000
2.12649,0.000
2.12798,0.000
2.12946,0.000
2.13095,0.000
2.13244,0.000
2.13393,0.000
2.13542,0.000
2.13690,0.000
2.13839,0.000
2.13988,0.000
2.14137,0.000
2.14286,0.000
2.14435,0.000
2.14583,0.000
2.14732,0.000
2.14881,0.000
2.15030,0.000
2.15179,0.000
2.15327,0.000
2.15476,0.000
2.15625,0.000
2.15774,0.000
2.15923,0.000
2.16071,0.000
2.16220,0.000
2.16369,0.000
2.16518,0.000
2.16667,0.000
2.16815,0.000
2.16964,0.000
2.17113,0.000
2.17262,0.000
2.17411,0.000
2.17560,0.000
2.17708,0.000
2.17857,0.000
2.18006,0.000
2.18155,0.000
2.18304,0.000
2.18452,0.000
2.18601,0.000
2.18750,0.000
2.18899,0.000
2.19048,0.000
2.19196,0.000
2.19345,0.000
2.19494,0.000
2.19643,0.000
2.19792,0.000
2.19940,0.000
2.20089,0.000
2.20238,0.000
2.20387,0.000
2.20536,0.000
2.20685,0.000
2.20833,0.000
2.20982,0.000
2.21131,0.000
2.21280,0.000
2.21429,0.000
2.21577,0.000
2.21726,0.000
2.21875,0.000
2.22024,0.000
2.22173,0.000
2.22321,0.000
2.22470,0.000
2.22619,0.000
2.22768,0.000
2.22917,0.000
2.23065,0.000
2.23214,0.000
2.23363,0.000
2.23512,0.000
2.23661,0.000
2.23810,0.000
2.23958,0.000
2.24107,0.000
2.24256,0.000
2.24405,0.000
2.24554,0.000
2.24702,0.000
2.24851,0.000
2.25000,0.000
2.25149,0.000
2.25298,93.089
2.25446,231.626
2.25595,255.000
2.25744,255.000
2.25893,255.000
2.26042,200.642
2.26190,34.419
2.26339,0.000
2.26488,0.000
2.26637,0.000
2.26786,0.000
2.26935,0.000
2.27083,0.000
2.27232,0.000
2.27381,0.000
2.27530,0.000
2.27679,0.000
2.27827,0.000
2.27976,0.000
2.28125,0.000
2.28274,0.000
2.28423,0.000
2.28571,0.000
2.28720,0.000
2.28869,0.000
2.29018,0.000
2.29167,0.000
2.29315,0.000
2.29464,0.000
2.29613,0.000
2.29762,0.000
2.29911,0.000
2.30060,0.000
2.30208,0.000
2.30357,0.000
2.30506,0.000
2.30655,0.000
2.30804,0.000
2.30952,0.000
2.31101,0.000
2.31250,0.000
2.31399,0.000
2.31548,0.000
2.31696,0.000
2.31845,0.000
2.31994,0.000
2.32143,0.000
2.32292,0.000
2.32440,0.000
2.32589,0.000
2.32738,0.000
2.32887,0.000
2.33036,0.000
2.33185,0.000
2.33333,0.000
2.33482,0.000
2.33631,0.000
2.33780,0.000
2.33929,0.000
2.34077,0.000
2.34226,0.000
2.34375,0.000
2.34524,0.000
2.34673,0.000
2.34821,0.000
2.34970,0.000
2.35119,0.000
2.35268,0.000
2.35417,0.000
2.35565,0.000
2.35714,0.000
2.35863,0.000
2.36012,0.000
2.36161,0.000
2.36310,0.000
2.36458,0.000
2.36607,0.000
2.36756,0.000
2.36905,0.000
2.37054,0.000
2.37202,0.000
2.37351,0.000
2.37500,0.000
2.37649,0.000
2.37798,0.000
2.37946,0.000
2.38095,0.000
2.38244,0.000
2.38393,0.000
2.38542,0.000
2.38690,0.000
2.38839,0.000
2.38988,0.000
2.39137,0.000
2.39286,0.000
2.39435,0.000
2.39583,0.000
2.39732,0.000
2.39881,0.000
2.40030,0.000
2.40179,0.000
2.40327,0.000
2.40476,0.000
2.40625,0.000
2.40774,0.000
2.40923,0.000
2.41071,0.000
2.41220,0.000
2.41369,0.000
2.41518,0.000
2.41667,0.000
2.41815,0.000
2.41964,0.000
2.42113,0.000
2.42262,0.000
2.42411,0.000
2.42560,0.000
2.42708,0.000
2.42857,0.000
2.43006,0.000
2.43155,0.000
2.43304,0.000
2.43452,0.000
2.43601,0.000
2.43750,0.000
2.43899,0.000
2.44048,0.000
2.44196,0.000
2.44345,0.000
2.44494,0.000
2.44643,0.000
2.44792,0.000
2.44940,0.000
2.45089,0.000
2.45238,0.000
2.45387,0.000
2.45536,0.000
2.45685,0.000
2.45833,0.000
2.45982,0.000
2.46131,0.000
2.46280,0.000
2.46429,0.000
2.46577,0.000
2.46726,0.000
2.46875,0.000
2.47024,0.000
2.47173,0.000
2.47321,0.000
2.47470,0.000
2.47619,0.000
2.47768,0.000
2.47917,0.000
2.48065,0.000
2.48214,0.000
2.48363,0.000
2.48512,0.000
2.48661,0.000
2.48810,0.000
2.48958,0.000
2.49107,0.000
2.49256,0.000
2.49405,0.000
2.49554,0.000
2.49702,0.000
2.49851,0.000
2.50000,0.000
2.50149,0.000
2.50298,0.000
2.50446,0.000
2.50595,20.235
2.50744,154.473
2.50893,255.000
2.51042,255.000
2.51190,255.000
2.51339,245.404
2.51488,156.546
2.51637,0.000
2.51786,0.000
2.51935,0.000
2.52083,0.000
2.52232,0.000
2.52381,0.000
2.52530,0.000
2.52679,0.000
2.52827,0.000
2.52976,0.000
2.53125,0.000
2.53274,0.000
2.53423,0.000
2.53571,0.000
2.53720,0.000
2.53869,0.000
2.54018,0.000
2.54167,0.000
2.54315,0.000
2.54464,0.000
2.54613,0.000
2.54762,0.000
2.54911,0.000
2.55060,0.000
2.55208,0.000
2.55357,0.000
2.55506,0.000
2.55655,0.000
2.55804,0.000
2.55952,0.000
2.56101,0.000
2.56250,0.000
2.56399,0.000
2.56548,0.000
2.56696,0.000
2.56845,0.000
2.56994,0.000
2.57143,0.000
2.57292,0.000
2.57440,0.000
2.57589,0.000
2.57738,0.000
2.57887,0.000
2.58036,0.000
2.58185,0.000
2.58333,0.000
2.58482,0.000
2.58631,0.000
2.58780,0.000
2.58929,0.000
2.59077,0.000
2.59226,0.000
2.59375,0.000
2.59524,0.000
2.59673,0.000
2.59821,0.000
2.59970,0.000
2.60119,0.000
2.60268,0.000
2.60417,0.000
2.60565,0.000
2.60714,0.000
2.60863,0.000
2.61012,0.000
2.61161,0.000
2.61310,0.000
2.61458,0.000
2.61607,0.000
2.61756,0.000
2.61905,0.000
2.62054,0.000
2.62202,0.000
2.62351,0.000
2.62500,0.000
2.62649,0.000
2.62798,0.000
2.62946,0.000
2.63095,0.000
2.63244,0.000
2.63393,0.000
2.63542,0.000
2.63690,0.000
2.63839,0.000
2.63988,0.000
2.64137,0.000
2.64286,0.000
2.64435,0.000
2.64583,0.000
2.64732,0.000
2.64881,0.000
2.65030,0.000
2.65179,0.000
2.65327,0.000
2.65476,0.000
2.65625,0.000
2.65774,0.000
2.65923,0.000
2.66071,0.000
2.66220,0.000
2.66369,0.000
2.66518,0.000
2.66667,0.000
2.66815,0.000
2.66964,0.000
2.67113,0.000
2.67262,0.000
2.67411,0.000
2.67560,0.000
2.67708,0.000
2.67857,0.000
2.68006,0.000
2.68155,0.000
2.68304,0.000
2.68452,0.000
2.68601,0.000
2.68750,0.000
2.68899,0.000
2.69048,0.000
2.69196,0.000
2.69345,0.000
2.69494,0.000
2.69643,0.000
2.69792,0.000
2.69940,0.000
2.70089,0.000
2.70238,0.000
2.70387,0.000
2.70536,0.000
2.70685,0.000
2.70833,0.000
2.70982,0.000
2.71131,0.000
2.71280,0.000
2.71429,0.000
2.71577,0.000
2.71726,0.000
2.71875,0.000
2.72024,0.000
2.72173,0.000
2.72321,0.000
2.72470,0.000
2.72619,0.000
2.72768,0.000
2.72917,0.000
2.73065,0.000
2.73214,0.000
2.73363,0.000
2.73512,0.000
2.73661,0.000
2.73810,0.000
2.73958,0.000
2.74107,0.000
2.74256,0.000
2.74405,0.000
2.74554,0.000
2.74702,0.000
2.74851,0.000
2.75000,0.000
2.75149,0.000
2.75298,112.510
2.75446,247.115
2.75595,255.000
2.75744,255.000
2.75893,255.000
2.76042,173.762
2.76190,40.423
2.76339,0.000
2.76488,0.000
2.76637,0.000
2.76786,0.000
2.76935,0.000
2.77083,0.000
2.77232,0.000
2.77381,0.000
2.77530,0.000
2.77679,0.000
2.77827,0.000
2.77976,0.000
2.78125,0.000
2.78274,0.000
2.78423,0.000
2.78571,0.000
2.78720,0.000
2.78869,0.000
2.79018,0.000
2.79167,0.000
2.79315,0.000
2.79464,0.000
2.79613,0.000
2.79762,0.000
2.79911,0.000
2.80060,0.000
2.80208,0.000
2.80357,0.000
2.80506,0.000
2.80655,0.000
2.80804,0.000
2.80952,0.000
2.81101,0.000
2.81250,0.000
2.81399,0.000
2.81548,0.000
2.81696,0.000
2.81845,0.000
2.81994,0.000
2.82143,0.000
2.82292,0.000
2.82440,0.000
2.82589,0.000
2.82738,0.000
2.82887,0.000
2.83036,0.000
2.83185,0.000
2.83333,0.000
2.83482,0.000
2.83631,0.000
2.83780,0.000
2.83929,0.000
2.84077,0.000
2.84226,0.000
2.84375,0.000
2.84524,0.000
2.84673,0.000
2.84821,0.000
2.84970,0.000
2.85119,0.000
2.85268,0.000
2.85417,0.000
2.85565,0.000
2.85714,0.000
2.85863,0.000
2.86012,0.000
2.86161,0.000
2.86310,0.000
2.86458,0.000
2.86607,0.000
2.86756,0.000
2.86905,0.000
2.87054,0.000
2.87202,0.000
2.87351,0.000
2.87500,0.000
2.87649,0.000
2.87798,0.000
2.87946,0.000
2.88095,0.000
2.88244,0.000
2.88393,0.000
2.88542,0.000
2.88690,0.000
2.88839,0.000
2.88988,0.000
2.89137,0.000
2.89286,0.000
2.89435,0.000
2.89583,0.000
2.89732,0.000
2.89881,0.000
2.90030,0.000
2.90179,0.000
2.90327,0.000
2.90476,0.000
2.90625,0.000
2.90774,0.000
2.90923,0.000
2.91071,0.000
2.91220,0.000
2.91369,0.000
2.91518,0.000
2.91667,0.000
2.91815,0.000
2.91964,0.000
2.92113,0.000
2.92262,0.000
2.92411,0.000
2.92560,0.000
2.92708,0.000
2.92857,0.000
2.93006,0.000
2.93155,0.000
2.93304,0.000
2.93452,0.000
2.93601,0.000
2.93750,0.000
2.93899,0.000
2.94048,0.000
2.94196,0.000
2.94345,0.000
2.94494,0.000
2.94643,0.000
2.94792,0.000
2.94940,0.000
2.95089,0.000
2.95238,0.000
2.95387,0.000
2.95536,0.000
2.95685,0.000
2.95833,0.000
2.95982,0.000
2.96131,0.000
2.96280,0.000
2.96429,0.000
2.96577,0.000
2.96726,0.000
2.96875,0.000
2.97024,0.000
2.97173,0.000
2.97321,0.000
2.97470,0.000
2.97619,0.000
2.97768,0.000
2.97917,0.000
2.98065,0.000
2.98214,0.000
2.98363,0.000
2.98512,0.000
2.98661,0.000
2.98810,0.000
2.98958,0.000
2.99107,0.000
2.99256,0.000
2.99405,0.000
2.99554,0.000
2.99702,0.000
2.99851,0.000
3.00000,0.000
3.00149,0.000
3.00298,153.543
3.00446,242.351
3.00595,255.000
3.00744,255.000
3.00893,255.000
3.01042,150.079
3.01190,27.259
3.01339,0.000
3.01488,0.000
3.01637,0.000
3.01786,0.000
3.01935,0.000
3.02083,0.000
3.02232,0.000
3.02381,0.000
3.02530,0.000
3.02679,0.000
3.02827,0.000
3.02976,0.000
3.03125,0.000
3.03274,0.000
3.03423,0.000
3.03571,0.000
3.03720,0.000
3.03869,0.000
3.04018,0.000
3.04167,0.000
3.04315,0.000
3.04464,0.000
3.04613,0.000
3.04762,0.000
3.04911,0.000
3.05060,0.000
3.05208,0.000
3.05357,0.000
3.05506,0.000
3.05655,0.000
3.05804,0.000
3.05952,0.000
3.06101,0.000
3.06250,0.000
3.06399,0.000
3.06548,0.000
3.06696,0.000
3.06845,0.000
3.06994,0.000
3.07143,0.000
3.07292,0.000
3.07440,0.000
3.07589,0.000
3.07738,0.000
3.07887,0.000
3.08036,0.000
3.08185,0.000
3.08333,0.000
3.08482,0.000
3.08631,0.000
3.08780,0.000
3.08929,0.000
3.09077,0.000
3.09226,0.000
3.09375,0.000
3.09524,0.000
3.09673,0.000
3.09821,0.000
3.09970,0.000
3.10119,0.000
3.10268,0.000
3.10417,0.000
3.10565,0.000
3.10714,0.000
3.10863,0.000
3.11012,0.000
3.11161,0.000
3.11310,0.000
3.11458,0.000
3.11607,0.000
3.11756,0.000
3.11905,0.000
3.12054,0.000
3.12202,0.000
3.12351,0.000
3.12500,0.000
3.12649,0.000
3.12798,0.000
3.12946,0.000
3.13095,0.000
3.13244,0.000
3.13393,0.000
3.13542,0.000
3.13690,0.000
3.13839,0.000
3.13988,0.000
3.14137,0.000
3.14286,0.000
3.14435,0.000
3.14583,0.000
3.14732,0.000
3.14881,0.000
3.15030,0.000
3.15179,0.000
3.15327,0.000
3.15476,0.000
3.15625,0.000
3.15774,0.000
3.15923,0.000
3.16071,0.000
3.16220,0.000
3.16369,0.000
3.16518,0.000
3.16667,0.000
3.16815,0.000
3.16964,0.000
3.17113,0.000
3.17262,0.000
3.17411,0.000
3.17560,0.000
3.17708,0.000
3.17857,0.000
3.18006,0.000
3.18155,0.000
3.18304,0.000
3.18452,0.000
3.18601,0.000
3.18750,0.000
3.18899,0.000
3.19048,0.000
3.19196,0.000
3.19345,0.000
3.19494,0.000
3.19643,0.000
3.19792,0.000
3.19940,0.000
3.20089,0.000
3.20238,0.000
3.20387,0.000
3.20536,0.000
3.20685,0.000
3.20833,0.000
3.20982,0.000
3.21131,0.000
3.21280,0.000
3.21429,0.000
3.21577,0.000
3.21726,0.000
3.21875,0.000
3.22024,0.000
3.22173,0.000
3.22321,0.000
3.22470,0.000
3.22619,0.000
3.22768,0.000
3.22917,0.000
3.23065,0.000
3.23214,0.000
3.23363,0.000
3.23512,0.000
3.23661,0.000
3.23810,0.000
3.23958,0.000
3.24107,0.000
3.24256,0.000
3.24405,0.000
3.24554,0.000
3.24702,0.000
3.24851,0.000
3.25000,0.000
3.25149,0.000
3.25298,0.000
3.25446,0.000
3.25595,0.000
3.25744,0.000
3.25893,0.000
3.26042,0.000
3.26190,0.000
3.26339,0.000
3.26488,0.000
3.26637,0.000
3.26786,0.000
3.26935,0.000
3.27083,0.000
3.27232,0.000
3.27381,9.490
3.27530,196.286
3.27679,255.000
3.27827,255.000
3.27976,255.000
3.28125,250.810
3.28274,107.620
3.28423,0.000
3.28571,0.000
3.28720,0.000
3.28869,0.000
3.29018,0.000
3.29167,0.000
3.29315,0.000
3.29464,0.000
3.29613,0.000
3.29762,0.000
3.29911,0.000
3.30060,0.000
3.30208,0.000
3.30357,0.000
3.30506,0.000
3.30655,0.000
3.30804,0.000
3.30952,0.000
3.31101,0.000
3.31250,0.000
3.31399,0.000
3.31548,0.000
3.31696,0.000
3.31845,0.000
3.31994,0.000
3.32143,0.000
3.32292,0.000
3.32440,0.000
3.32589,0.000
3.32738,0.000
3.32887,0.000
3.33036,0.000
3.33185,0.000
3.33333,0.000
3.33482,0.000
3.33631,0.000
3.33780,0.000
3.33929,0.000
3.34077,0.000
3.34226,0.000
3.34375,0.000
3.34524,0.000
3.34673,0.000
3.34821,0.000
3.34970,0.000
3.35119,0.000
3.35268,0.000
3.35417,0.000
3.35565,0.000
3.35714,0.000
3.35863,0.000
3.36012,0.000
3.36161,0.000
3.36310,0.000
3.36458,0.000
3.36607,0.000
3.36756,0.000
3.36905,0.000
3.37054,0.000
3.37202,0.000
3.37351,0.000
3.37500,0.000
3.37649,0.000
3.37798,0.000
3.37946,0.000
3.38095,0.000
3.38244,0.000
3.38393,0.000
3.38542,0.000
3.38690,0.000
3.38839,0.000
3.38988,0.000
3.39137,0.000
3.39286,0.000
3.39435,0.000
3.39583,0.000
3.39732,0.000
3.39881,0.000
3.40030,0.000
3.40179,0.000
3.40327,0.000
3.40476,0.000
3.40625,0.000
3.40774,0.000
3.40923,0.000
3.41071,0.000
3.41220,0.000
3.41369,0.000
3.41518,0.000
3.41667,0.000
3.41815,0.000
3.41964,0.000
3.42113,0.000
3.42262,0.000
3.42411,0.000
3.42560,0.000
3.42708,0.000
3.42857,0.000
3.43006,0.000
3.43155,0.000
3.43304,0.000
3.43452,0.000
3.43601,0.000
3.43750,0.000
3.43899,0.000
3.44048,0.000
3.44196,0.000
3.44345,0.000
3.44494,0.000
3.44643,0.000
3.44792,0.000
3.44940,0.000
3.45089,0.000
3.45238,0.000
3.45387,0.000
3.45536,0.000
3.45685,0.000
3.45833,0.000
3.45982,0.000
3.46131,0.000
3.46280,0.000
3.46429,0.000
3.46577,0.000
3.46726,0.000
3.46875,0.000
3.47024,0.000
3.47173,0.000
3.47321,0.000
3.47470,0.000
3.47619,0.000
3.47768,0.000
3.47917,0.000
3.48065,0.000
3.48214,0.000
3.48363,0.000
3.48512,0.000
3.48661,0.000
3.48810,0.000
3.48958,0.000
3.49107,0.000
3.49256,0.000
3.49405,0.000
3.49554,0.000
3.49702,0.000
3.49851,0.000
3.50000,0.000
3.50149,0.000
3.50298,0.000
3.50446,0.000
3.50595,0.000
3.50744,0.000
3.50893,0.000
3.51042,0.000
3.51190,0.000
3.51339,0.000
3.51488,0.000
3.51637,0.000
3.51786,0.000
3.51935,0.000
3.52083,0.000
3.52232,0.000
3.52381,0.000
3.52530,0.000
3.52679,0.000
3.52827,0.000
3.52976,0.000
3.53125,0.000
3.53274,0.000
3.53423,5.543
3.53571,97.040
3.53720,255.000
3.53869,255.000
3.54018,255.000
3.54167,255.000
3.54315,183.354
3.54464,16.887
3.54613,0.000
3.54762,0.000
3.54911,0.000
3.55060,0.000
3.55208,0.000
3.55357,0.000
3.55506,0.000
3.55655,0.000
3.55804,0.000
3.55952,0.000
3.56101,0.000
3.56250,0.000
3.56399,0.000
3.56548,0.000
3.56696,0.000
3.56845,0.000
3.56994,0.000
3.57143,0.000
3.57292,0.000
3.57440,0.000
3.57589,0.000
3.57738,0.000
3.57887,0.000
3.58036,0.000
3.58185,0.000
3.58333,0.000
3.58482,0.000
3.58631,0.000
3.58780,0.000
3.58929,0.000
3.59077,0.000
3.59226,0.000
3.59375,0.000
3.59524,0.000
3.59673,0.000
3.59821,0.000
3.59970,0.000
3.60119,0.000
3.60268,0.000
3.60417,0.000
3.60565,0.000
3.60714,0.000
3.60863,0.000
3.61012,0.000
3.61161,0.000
3.61310,0.000
3.61458,0.000
3.61607,0.000
3.61756,0.000
3.61905,0.000
3.62054,0.000
3.62202,0.000
3.62351,0.000
3.62500,0.000
3.62649,0.000
3.62798,0.000
3.62946,0.000
3.63095,0.000
3.63244,0.000
3.63393,0.000
3.63542,0.000
3.63690,0.000
3.63839,0.000
3.63988,0.000
3.64137,0.000
3.64286,0.000
3.64435,0.000
3.64583,0.000
3.64732,0.000
3.64881,0.000
3.65030,0.000
3.65179,0.000
3.65327,0.000
3.65476,0.000
3.65625,0.000
3.65774,0.000
3.65923,0.000
3.66071,0.000
3.66220,0.000
3.66369,0.000
3.66518,0.000
3.66667,0.000
3.66815,0.000
3.66964,0.000
3.67113,0.000
3.67262,0.000
3.67411,0.000
3.67560,0.000
3.67708,0.000
3.67857,0.000
3.68006,0.000
3.68155,0.000
3.68304,0.000
3.68452,0.000
3.68601,0.000
3.68750,0.000
3.68899,0.000
3.69048,0.000
3.69196,0.000
3.69345,0.000
3.69494,0.000
3.69643,0.000
3.69792,0.000
3.69940,0.000
3.70089,0.000
3.70238,0.000
3.70387,0.000
3.70536,0.000
3.70685,0.000
3.70833,0.000
3.70982,0.000
3.71131,0.000
3.71280,0.000
3.71429,0.000
3.71577,0.000
3.71726,0.000
3.71875,0.000
3.72024,0.000
3.72173,0.000
3.72321,0.000
3.72470,0.000
3.72619,0.000
3.72768,0.000
3.72917,0.000
3.73065,0.000
3.73214,0.000
3.73363,0.000
3.73512,0.000
3.73661,0.000
3.73810,0.000
3.73958,0.000
3.74107,0.000
3.74256,0.000
3.74405,0.000
3.74554,0.000
3.74702,77.067
3.74851,217.403
3.75000,255.000
3.75149,255.000
3.75298,255.000
3.75446,212.559
3.75595,52.561
3.75744,0.000
3.75893,0.000
3.76042,0.000
3.76190,0.000
3.76339,0.000
3.76488,0.000
3.76637,0.000
3.76786,0.000
3.76935,0.000
3.77083,0.000
3.77232,0.000
3.77381,0.000
3.77530,0.000
3.77679,0.000
3.77827,0.000
3.77976,0.000
3.78125,0.000
3.78274,0.000
3.78423,0.000
3.78571,0.000
3.78720,0.000
3.78869,0.000
3.79018,0.000
3.79167,0.000
3.79315,0.000
3.79464,0.000
3.79613,0.000
3.79762,0.000
3.79911,0.000
3.80060,0.000
3.80208,0.000
3.80357,0.000
3.80506,0.000
3.80655,0.000
3.80804,0.000
3.80952,0.000
3.81101,0.000
3.81250,0.000
3.81399,0.000
3.81548,0.000
3.81696,0.000
3.81845,0.000
3.81994,0.000
3.82143,0.000
3.82292,0.000
3.82440,0.000
3.82589,0.000
3.82738,0.000
3.82887,0.000
3.83036,0.000
3.83185,0.000
3.83333,0.000
3.83482,0.000
3.83631,0.000
3.83780,0.000
3.83929,0.000
3.84077,0.000
3.84226,0.000
3.84375,0.000
3.84524,0.000
3.84673,0.000
3.84821,0.000
3.84970,0.000
3.85119,0.000
3.85268,0.000
3.85417,0.000
3.85565,0.000
3.85714,0.000
3.85863,0.000
3.86012,0.000
3.86161,0.000
3.86310,0.000
3.86458,0.000
3.86607,0.000
3.86756,0.000
3.86905,0.000
3.87054,0.000
3.87202,0.000
3.87351,0.000
3.87500,0.000
3.87649,0.000
3.87798,0.000
3.87946,0.000
3.88095,0.000
3.88244,0.000
3.88393,0.000
3.88542,0.000
3.88690,0.000
3.88839,0.000
3.88988,0.000
3.89137,0.000
3.89286,0.000
3.89435,0.000
3.89583,0.000
3.89732,0.000
3.89881,0.000
3.90030,0.000
3.90179,0.000
3.90327,0.000
3.90476,0.000
3.90625,0.000
3.90774,0.000
3.90923,0.000
3.91071,0.000
3.91220,0.000
3.91369,0.000
3.91518,0.000
3.91667,0.000
3.91815,0.000
3.91964,0.000
3.92113,0.000
3.92262,0.000
3.92411,0.000
3.92560,0.000
3.92708,0.000
3.92857,0.000
3.93006,0.000
3.93155,0.000
3.93304,0.000
3.93452,0.000
3.93601,0.000
3.93750,0.000
3.93899,0.000
3.94048,0.000
3.94196,0.000
3.94345,0.000
3.94494,0.000
3.94643,0.000
3.94792,0.000
3.94940,0.000
3.95089,0.000
3.95238,0.000
3.95387,0.000
3.95536,0.000
3.95685,0.000
3.95833,0.000
3.95982,0.000
3.96131,0.000
3.96280,0.000
3.96429,0.000
3.96577,0.000
3.96726,0.000
3.96875,0.000
3.97024,0.000
3.97173,0.000
3.97321,0.000
3.97470,0.000
3.97619,0.000
3.97768,0.000
3.97917,0.000
3.98065,0.000
3.98214,0.000
3.98363,0.000
3.98512,0.000
3.98661,0.000
3.98810,0.000
3.98958,0.000
3.99107,0.000
3.99256,0.000
3.99405,0.000
3.99554,0.000
3.99702,0.000
3.99851,6.273
4.00000,103.715
4.00149,255.000
4.00298,255.000
4.00446,255.000
4.00595,253.243
4.00744,208.110
4.00893,0.000
4.01042,0.000
4.01190,0.000
4.01339,0.000
4.01488,0.000
4.01637,0.000
4.01786,0.000
4.01935,0.000
4.02083,0.000
4.02232,0.000
4.02381,0.000
4.02530,0.000
4.02679,0.000
4.02827,0.000
4.02976,0.000
4.03125,0.000
4.03274,0.000
4.03423,0.000
4.03571,0.000
4.03720,0.000
4.03869,0.000
4.04018,0.000
4.04167,0.000
4.04315,0.000
4.04464,0.000
4.04613,0.000
4.04762,0.000
4.04911,0.000
4.05060,0.000
4.05208,0.000
4.05357,0.000
4.05506,0.000
4.05655,0.000
4.05804,0.000
4.05952,0.000
4.06101,0.000
4.06250,0.000
4.06399,0.000
4.06548,0.000
4.06696,0.000
4.06845,0.000
4.06994,0.000
4.07143,0.000
4.07292,0.000
4.07440,0.000
4.07589,0.000
4.07738,0.000
4.07887,0.000
4.08036,0.000
4.08185,0.000
4.08333,0.000
4.08482,0.000
4.08631,0.000
4.08780,0.000
4.08929,0.000
4.09077,0.000
4.09226,0.000
4.09375,0.000
4.09524,0.000
4.09673,0.000
4.09821,0.000
4.09970,0.000
4.10119,0.000
4.10268,0.000
4.10417,0.000
4.10565,0.000
4.10714,0.000
4.10863,0.000
4.11012,0.000
4.11161,0.000
4.11310,0.000
4.11458,0.000
4.11607,0.000
4.11756,0.000
4.11905,0.000
4.12054,0.000
4.12202,0.000
4.12351,0.000
4.12500,0.000
4.12649,0.000
4.12798,0.000
4.12946,0.000
4.13095,0.000
4.13244,0.000
4.13393,0.000
4.13542,0.000
4.13690,0.000
4.13839,0.000
4.13988,0.000
4.14137,0.000
4.14286,0.000
4.14435,0.000
4.14583,0.000
4.14732,0.000
4.14881,0.000
4.15030,0.000
4.15179,0.000
4.15327,0.000
4.15476,0.000
4.15625,0.000
4.15774,0.000
4.15923,0.000
4.16071,0.000
4.16220,0.000
4.16369,0.000
4.16518,0.000
4.16667,0.000
4.16815,0.000
4.16964,0.000
4.17113,0.000
4.17262,0.000
4.17411,0.000
4.17560,0.000
4.17708,0.000
4.17857,0.000
4.18006,0.000
4.18155,0.000
4.18304,0.000
4.18452,0.000
4.18601,0.000
4.18750,0.000
4.18899,0.000
4.19048,0.000
4.19196,0.000
4.19345,0.000
4.19494,0.000
4.19643,0.000
4.19792,0.000
4.19940,0.000
4.20089,0.000
4.20238,0.000
4.20387,0.000
4.20536,0.000
4.20685,0.000
4.20833,0.000
4.20982,0.000
4.21131,0.000
4.21280,0.000
4.21429,0.000
4.21577,0.000
4.21726,0.000
4.21875,0.000
4.22024,0.000
4.22173,0.000
4.22321,0.000
4.22470,0.000
4.22619,0.000
4.22768,0.000
4.22917,0.000
4.23065,0.000
4.23214,0.000
4.23363,0.000
4.23512,0.000
4.23661,0.000
4.23810,0.000
4.23958,0.000
4.24107,0.000
4.24256,0.000
4.24405,0.000
4.24554,0.000
4.24702,0.000
4.24851,0.000
4.25000,0.000
4.25149,0.000
4.25298,68.055
4.25446,209.759
4.25595,255.000
4.25744,255.000
4.25893,255.000
4.26042,207.376
4.26190,77.563
4.26339,0.000
4.26488,0.000
4.26637,0.000
4.26786,0.000
4.26935,0.000
4.27083,0.000
4.27232,0.000
4.27381,0.000
4.27530,0.000
4.27679,0.000
4.27827,0.000
4.27976,0.000
4.28125,0.000
4.28274,0.000
4.28423,0.000
4.28571,0.000
4.28720,0.000
4.28869,0.000
4.29018,0.000
4.29167,0.000
4.29315,0.000
4.29464,0.000
4.29613,0.000
4.29762,0.000
4.29911,0.000
4.30060,0.000
4.30208,0.000
4.30357,0.000
4.30506,0.000
4.30655,0.000
4.30804,0.000
4.30952,0.000
4.31101,0.000
4.31250,0.000
4.31399,0.000
4.31548,0.000
4.31696,0.000
4.31845,0.000
4.31994,0.000
4.32143,0.000
4.32292,0.000
4.32440,0.000
4.32589,0.000
4.32738,0.000
4.32887,0.000
4.33036,0.000
4.33185,0.000
4.33333,0.000
4.33482,0.000
4.33631,0.000
4.33780,0.000
4.33929,0.000
4.34077,0.000
4.34226,0.000
4.34375,0.000
4.34524,0.000
4.34673,0.000
4.34821,0.000
4.34970,0.000
4.35119,0.000
4.35268,0.000
4.35417,0.000
4.35565,0.000
4.35714,0.000
4.35863,0.000
4.36012,0.000
4.36161,0.000
4.36310,0.000
4.36458,0.000
4.36607,0.000
4.36756,0.000
4.36905,0.000
4.37054,0.000
4.37202,0.000
4.37351,0.000
4.37500,0.000
4.37649,0.000
4.37798,0.000
4.37946,0.000
4.38095,0.000
4.38244,0.000
4.38393,0.000
4.38542,0.000
4.38690,0.000
4.38839,0.000
4.38988,0.000
4.39137,0.000
4.39286,0.000
4.39435,0.000
4.39583,0.000
4.39732,0.000
4.39881,0.000
4.40030,0.000
4.40179,0.000
4.40327,0.000
4.40476,0.000
4.40625,0.000
4.40774,0.000
4.40923,0.000
4.41071,0.000
4.41220,0.000
4.41369,0.000
4.41518,0.000
4.41667,0.000
4.41815,0.000
4.41964,0.000
4.42113,0.000
4.42262,0.000
4.42411,0.000
4.42560,0.000
4.42708,0.000
4.42857,0.000
4.43006,0.000
4.43155,0.000
4.43304,0.000
4.43452,0.000
4.43601,0.000
4.43750,0.000
4.43899,0.000
4.44048,0.000
4.44196,0.000
4.44345,0.000
4.44494,0.000
4.44643,0.000
4.44792,0.000
4.44940,0.000
4.45089,0.000
4.45238,0.000
4.45387,0.000
4.45536,0.000
4.45685,0.000
4.45833,0.000
4.45982,0.000
4.46131,0.000
4.46280,0.000
4.46429,0.000
4.46577,0.000
4.46726,0.000
4.46875,0.000
4.47024,0.000
4.47173,0.000
4.47321,0.000
4.47470,0.000
4.47619,0.000
4.47768,0.000
4.47917,0.000
4.48065,0.000
4.48214,0.000
4.48363,0.000
4.48512,0.000
4.48661,0.000
4.48810,0.000
4.48958,0.000
4.49107,0.000
4.49256,0.000
4.49405,0.000
4.49554,0.000
4.49702,0.000
4.49851,0.000
4.50000,0.000
4.50149,0.000
4.50298,0.000
4.50446,0.000
4.50595,0.000
4.50744,0.000
4.50893,0.000
4.51042,0.000
4.51190,0.000
4.51339,100.298
4.51488,220.098
4.51637,255.000
4.51786,255.000
4.51935,255.000
4.52083,190.514
4.52232,55.821
4.52381,0.000
4.52530,0.000
4.52679,0.000
4.52827,0.000
4.52976,0.000
4.53125,0.000
4.53274,0.000
4.53423,0.000
4.53571,0.000
4.53720,0.000
4.53869,0.000
4.54018,0.000
4.54167,0.000
4.54315,0.000
4.54464,0.000
4.54613,0.000
4.54762,0.000
4.54911,0.000
4.55060,0.000
4.55208,0.000
4.55357,0.000
4.55506,0.000
4.55655,0.000
4.55804,0.000
4.55952,0.000
4.56101,0.000
4.56250,0.000
4.56399,0.000
4.56548,0.000
4.56696,0.000
4.56845,0.000
4.56994,0.000
4.57143,0.000
4.57292,0.000
4.57440,0.000
4.57589,0.000
4.57738,0.000
4.57887,0.000
4.58036,0.000
4.58185,0.000
4.58333,0.000
4.58482,0.000
4.58631,0.000
4.58780,0.000
4.58929,0.000
4.59077,0.000
4.59226,0.000
4.59375,0.000
4.59524,0.000
4.59673,0.000
4.59821,0.000
4.59970,0.000
4.60119,0.000
4.60268,0.000
4.60417,0.000
4.60565,0.000
4.60714,0.000
4.60863,0.000
4.61012,0.000
4.61161,0.000
4.61310,0.000
4.61458,0.000
4.61607,0.000
4.61756,0.000
4.61905,0.000
4.62054,0.000
4.62202,0.000
4.62351,0.000
4.62500,0.000
4.62649,0.000
4.62798,0.000
4.62946,0.000
4.63095,0.000
4.63244,0.000
4.63393,0.000
4.63542,0.000
4.63690,0.000
4.63839,0.000
4.63988,0.000
4.64137,0.000
4.64286,0.000
4.64435,0.000
4.64583,0.000
4.64732,0.000
4.64881,0.000
4.65030,0.000
4.65179,0.000
4.65327,0.000
4.65476,0.000
4.65625,0.000
4.65774,0.000
4.65923,0.000
4.66071,0.000
4.66220,0.000
4.66369,0.000
4.66518,0.000
4.66667,0.000
4.66815,0.000
4.66964,0.000
4.67113,0.000
4.67262,0.000
4.67411,0.000
4.67560,0.000
4.67708,0.000
4.67857,0.000
4.68006,0.000
4.68155,0.000
4.68304,0.000
4.68452,0.000
4.68601,0.000
4.68750,0.000
4.68899,0.000
4.69048,0.000
4.69196,0.000
4.69345,0.000
4.69494,0.000
4.69643,0.000
4.69792,0.000
4.69940,0.000
4.70089,0.000
4.70238,0.000
4.70387,0.000
4.70536,0.000
4.70685,0.000
4.70833,0.000
4.70982,0.000
4.71131,0.000
4.71280,0.000
4.71429,0.000
4.71577,0.000
4.71726,0.000
4.71875,0.000
4.72024,0.000
4.72173,0.000
4.72321,0.000
4.72470,0.000
4.72619,0.000
4.72768,0.000
4.72917,0.000
4.73065,0.000
4.73214,0.000
4.73363,0.000
4.73512,0.000
4.73661,0.000
4.73810,0.000
4.73958,0.000
4.74107,0.000
4.74256,0.000
4.74405,0.000
4.74554,0.000
4.74702,0.000
4.74851,0.000
4.75000,0.000
4.75149,0.000
4.75298,0.000
4.75446,0.000
4.75595,0.000
4.75744,0.000
4.75893,0.000
4.76042,0.000
4.76190,0.000
4.76339,0.000
4.76488,0.000
4.76637,0.000
4.76786,0.000
4.76935,0.000
4.77083,0.000
4.77232,0.000
4.77381,0.000
4.77530,0.000
4.77679,0.000
4.77827,0.000
4.77976,0.000
4.78125,0.000
4.78274,0.000
4.78423,0.000
4.78571,0.000
4.78720,0.000
4.78869,0.000
4.79018,0.000
4.79167,0.000
4.79315,0.000
4.79464,0.000
4.79613,0.000
4.79762,0.000
4.79911,0.000
4.80060,0.000
4.80208,0.000
4.80357,0.000
4.80506,0.000
4.80655,0.000
4.80804,0.000
4.80952,0.000
4.81101,0.000
4.81250,0.000
4.81399,0.000
4.81548,0.000
4.81696,0.000
4.81845,0.000
4.81994,0.000
4.82143,0.000
4.82292,0.000
4.82440,82.333
4.82589,225.592
4.82738,255.000
4.82887,255.000
4.83036,255.000
4.83185,209.697
4.83333,41.967
4.83482,0.000
4.83631,0.000
4.83780,0.000
4.83929,0.000
4.84077,0.000
4.84226,0.000
4.84375,0.000
4.84524,0.000
4.84673,0.000
4.84821,0.000
4.84970,0.000
4.85119,0.000
4.85268,0.000
4.85417,0.000
4.85565,0.000
4.85714,0.000
4.85863,0.000
4.86012,0.000
4.86161,0.000
4.86310,0.000
4.86458,0.000
4.86607,0.000
4.86756,0.000
4.86905,0.000
4.87054,0.000
4.87202,0.000
4.87351,0.000
4.87500,0.000
4.87649,0.000
4.87798,0.000
4.87946,0.000
4.88095,0.000
4.88244,0.000
4.88393,0.000
4.88542,0.000
4.88690,0.000
4.88839,0.000
4.88988,0.000
4.89137,0.000
4.89286,0.000
4.89435,0.000
4.89583,0.000
4.89732,0.000
4.89881,0.000
4.90030,0.000
4.90179,0.000
4.90327,0.000
4.90476,0.000
4.90625,0.000
4.90774,0.000
4.90923,0.000
4.91071,0.000
4.91220,0.000
4.91369,0.000
4.91518,0.000
4.91667,0.000
4.91815,0.000
4.91964,0.000
4.92113,0.000
4.92262,0.000
4.92411,0.000
4.92560,0.000
4.92708,0.000
4.92857,0.000
4.93006,0.000
4.93155,0.000
4.93304,0.000
4.93452,0.000
4.93601,0.000
4.93750,0.000
4.93899,0.000
4.94048,0.000
4.94196,0.000
4.94345,0.000
4.94494,0.000
4.94643,0.000
4.94792,0.000
4.94940,0.000
4.95089,0.000
4.95238,0.000
4.95387,0.000
4.95536,0.000
4.95685,0.000
4.95833,0.000
4.95982,0.000
4.96131,0.000
4.96280,0.000
4.96429,0.000
4.96577,0.000
4.96726,0.000
4.96875,0.000
4.97024,0.000
4.97173,0.000
4.97321,0.000
4.97470,0.000
4.97619,0.000
4.97768,0.000
4.97917,0.000
4.98065,0.000
4.98214,0.000
4.98363,0.000
4.98512,0.000
4.98661,0.000
4.98810,0.000
4.98958,0.000
4.99107,0.000
4.99256,0.000
4.99405,0.000
4.99554,0.000
4.99702,0.000
4.99851,0.000
5.00000,0.000
5.00149,0.000
5.00298,0.000
5.00446,0.000
5.00595,0.000
5.00744,0.000
5.00893,0.000
5.01042,0.000
5.01190,0.000
5.01339,0.000
5.01488,0.000
5.01637,0.000
5.01786,0.000
5.01935,0.000
5.02083,0.000
5.02232,0.000
5.02381,0.000
5.02530,0.000
5.02679,0.000
5.02827,0.000
5.02976,0.000
5.03125,0.000
5.03274,0.000
5.03423,0.000
5.03571,0.000
5.03720,0.000
5.03869,0.000
5.04018,0.000
5.04167,0.000
5.04315,0.000
5.04464,0.000
5.04613,0.000
5.04762,0.000
5.04911,0.000
5.05060,0.000
5.05208,0.000
5.05357,0.000
5.05506,0.000
5.05655,0.000
5.05804,0.000
5.05952,0.000
5.06101,0.000
5.06250,0.000
5.06399,0.000
5.06548,0.000
5.06696,0.000
5.06845,0.000
5.06994,0.000
5.07143,0.000
5.07292,0.000
5.07440,0.000
5.07589,0.000
5.07738,0.000
5.07887,0.000
5.08036,0.000
5.08185,0.000
5.08333,0.000
5.08482,0.000
5.08631,0.000
5.08780,0.000
5.08929,0.000
5.09077,0.000
5.09226,0.000
5.09375,0.000
5.09524,8.996
5.09673,138.334
5.09821,255.000
5.09970,255.000
5.10119,255.000
5.10268,251.010
5.10417,165.867
5.10565,0.000
5.10714,0.000
5.10863,0.000
5.11012,0.000
5.11161,0.000
5.11310,0.000
5.11458,0.000
5.11607,0.000
5.11756,0.000
5.11905,0.000
5.12054,0.000
5.12202,0.000
5.12351,0.000
5.12500,0.000
5.12649,0.000
5.12798,0.000
5.12946,0.000
5.13095,0.000
5.13244,0.000
5.13393,0.000
5.13542,0.000
5.13690,0.000
5.13839,0.000
5.13988,0.000
5.14137,0.000
5.14286,0.000
5.14435,0.000
5.14583,0.000
5.14732,0.000
5.14881,0.000
5.15030,0.000
5.15179,0.000
5.15327,0.000
5.15476,0.000
5.15625,0.000
5.15774,0.000
5.15923,0.000
5.16071,0.000
5.16220,0.000
5.16369,0.000
5.16518,0.000
5.16667,0.000
5.16815,0.000
5.16964,0.000
5.17113,0.000
5.17262,0.000
5.17411,0.000
5.17560,0.000
5.17708,0.000
5.17857,0.000
5.18006,0.000
5.18155,0.000
5.18304,0.000
5.18452,0.000
5.18601,0.000
5.18750,0.000
5.18899,0.000
5.19048,0.000
5.19196,0.000
5.19345,0.000
5.19494,0.000
5.19643,0.000
5.19792,0.000
5.19940,0.000
5.20089,0.000
5.20238,0.000
5.20387,0.000
5.20536,0.000
5.20685,0.000
5.20833,0.000
5.20982,0.000
5.21131,0.000
5.21280,0.000
5.21429,0.000
5.21577,0.000
5.21726,0.000
5.21875,0.000
5.22024,0.000
5.22173,0.000
5.22321,0.000
5.22470,0.000
5.22619,0.000
5.22768,0.000
5.22917,0.000
5.23065,0.000
5.23214,0.000
5.23363,0.000
5.23512,0.000
5.23661,0.000
5.23810,0.000
5.23958,0.000
5.24107,0.000
5.24256,0.000
5.24405,0.000
5.24554,0.000
5.24702,0.000
5.24851,0.000
5.25000,0.000
5.25149,0.000
5.25298,0.000
5.25446,0.000
5.25595,0.000
5.25744,0.000
5.25893,0.000
5.26042,0.000
5.26190,0.000
5.26339,0.000
5.26488,0.000
5.26637,0.000
5.26786,0.000
5.26935,0.000
5.27083,0.000
5.27232,0.000
5.27381,0.000
5.27530,0.000
5.27679,0.000
5.27827,0.000
5.27976,0.000
5.28125,0.000
5.28274,0.000
5.28423,0.000
5.28571,0.000
5.28720,0.000
5.28869,0.000
5.29018,0.000
5.29167,0.000
5.29315,0.000
5.29464,0.000
5.29613,0.000
5.29762,0.000
5.29911,0.000
5.30060,0.000
5.30208,0.000
5.30357,0.000
5.30506,0.000
5.30655,0.000
5.30804,0.000
5.30952,0.000
5.31101,0.000
5.31250,0.000
5.31399,0.000
5.31548,0.000
5.31696,0.000
5.31845,0.000
5.31994,0.000
5.32143,0.000
5.32292,0.000
5.32440,0.000
5.32589,0.000
5.32738,0.000
5.32887,0.000
5.33036,0.000
5.33185,0.000
5.33333,0.000
5.33482,0.000
5.33631,0.000
5.33780,0.000
5.33929,0.000
5.34077,0.000
5.34226,0.000
5.34375,0.000
5.34524,0.000
5.34673,0.000
5.34821,0.000
5.34970,0.000
5.35119,0.000
5.35268,0.000
5.35417,0.000
5.35565,0.000
5.35714,0.000
5.35863,0.000
5.36012,0.000
5.36161,0.000
5.36310,0.000
5.36458,0.000
5.36607,0.000
5.36756,0.000
5.36905,0.000
5.37054,0.000
5.37202,0.000
5.37351,0.000
5.37500,0.000
5.37649,0.000
5.37798,0.000
5.37946,0.000
5.38095,0.000
5.38244,0.000
5.38393,0.000
5.38542,0.000
5.38690,0.000
5.38839,0.000
5.38988,0.000
5.39137,0.000
5.39286,0.000
5.39435,0.000
5.39583,0.000
5.39732,0.000
5.39881,0.000
5.40030,0.000
5.40179,0.000
5.40327,0.000
5.40476,0.000
5.40625,0.000
5.40774,0.000
5.40923,0.000
5.41071,0.000
5.41220,0.000
5.41369,0.000
5.41518,0.000
5.41667,0.000
5.41815,0.000
5.41964,0.000
5.42113,0.000
5.42262,0.000
5.42411,0.000
5.42560,0.000
5.42708,0.000
5.42857,0.000
5.43006,0.000
5.43155,0.000
5.43304,0.000
5.43452,0.000
5.43601,0.000
5.43750,0.000
5.43899,0.000
5.44048,0.000
5.44196,0.000
5.44345,0.000
5.44494,0.000
5.44643,0.000
5.44792,0.000
5.44940,0.000
5.45089,0.000
5.45238,0.000
5.45387,0.000
5.45536,0.000
5.45685,0.000
5.45833,0.000
5.45982,0.000
5.46131,0.000
5.46280,0.000
5.46429,0.000
5.46577,0.000
5.46726,0.000
5.46875,0.000
5.47024,0.000
5.47173,0.000
5.47321,0.000
5.47470,0.000
5.47619,0.000
5.47768,0.000
5.47917,0.000
5.48065,0.000
5.48214,0.000
5.48363,0.000
5.48512,0.000
5.48661,0.000
